{"data_time": 0.00221024999882502, "eta_seconds": 10887.175996999722, "fast_rcnn/cls_accuracy": 0.4228515625, "fast_rcnn/false_negative": 0.34606060606060607, "fast_rcnn/fg_cls_accuracy": 0.4042452830188679, "iteration": 19, "loss_box_reg": 0.4172642081975937, "loss_cls": 1.0705450773239136, "loss_mask": 0.6949199438095093, "loss_rpn_cls": 0.2048485428094864, "loss_rpn_loc": 0.022575627081096172, "lr": 4.8452500000000004e-05, "mask_rcnn/accuracy": 0.37482932458697765, "mask_rcnn/false_negative": 0.6166885813496337, "mask_rcnn/false_positive": 0.5368521899638028, "rank_data_time": 0.00221024999882502, "roi_head/num_bg_samples": 114.5, "roi_head/num_fg_samples": 13.5, "rpn/num_neg_anchors": 248.25, "rpn/num_pos_anchors": 7.75, "time": 28.65046314999927, "total_loss": 2.3288342216983438}
{"data_time": 0.002222700004494982, "eta_seconds": 10159.494461999784, "fast_rcnn/cls_accuracy": 0.8837890625, "fast_rcnn/false_negative": 1.0, "fast_rcnn/fg_cls_accuracy": 0.0, "iteration": 39, "loss_box_reg": 0.4290260672569275, "loss_cls": 0.5604762434959412, "loss_mask": 0.6798162162303925, "loss_rpn_cls": 0.14315394312143326, "loss_rpn_loc": 0.02183710504323244, "lr": 9.84025e-05, "mask_rcnn/accuracy": 0.7131099514929125, "mask_rcnn/false_negative": 0.3009820968229124, "mask_rcnn/false_positive": 0.24559312684291662, "rank_data_time": 0.002222700004494982, "roi_head/num_bg_samples": 113.25, "roi_head/num_fg_samples": 14.75, "rpn/num_neg_anchors": 247.5, "rpn/num_pos_anchors": 8.5, "time": 28.1089189000013, "total_loss": 1.8492917530238628}
{"data_time": 0.0022203500011528376, "eta_seconds": 9595.078102999796, "fast_rcnn/cls_accuracy": 0.8818359375, "fast_rcnn/false_negative": 1.0, "fast_rcnn/fg_cls_accuracy": 0.0, "iteration": 59, "loss_box_reg": 0.4293568432331085, "loss_cls": 0.3949306458234787, "loss_mask": 0.644009530544281, "loss_rpn_cls": 0.08250897005200386, "loss_rpn_loc": 0.02045163232833147, "lr": 0.0001483525, "mask_rcnn/accuracy": 0.7586971486670049, "mask_rcnn/false_negative": 0.22422198265122817, "mask_rcnn/false_positive": 0.25673231059785495, "rank_data_time": 0.0022203500011528376, "roi_head/num_bg_samples": 112.875, "roi_head/num_fg_samples": 15.125, "rpn/num_neg_anchors": 245.75, "rpn/num_pos_anchors": 10.25, "time": 28.152215199999773, "total_loss": 1.5737010347656906}
{"data_time": 0.002415150000160793, "eta_seconds": 9108.272303999402, "fast_rcnn/cls_accuracy": 0.8662109375, "fast_rcnn/false_negative": 1.0, "fast_rcnn/fg_cls_accuracy": 0.0, "iteration": 79, "loss_box_reg": 0.4610289931297302, "loss_cls": 0.3900464028120041, "loss_mask": 0.598480761051178, "loss_rpn_cls": 0.055990710854530334, "loss_rpn_loc": 0.01568344561383128, "lr": 0.00019830250000000003, "mask_rcnn/accuracy": 0.7705332659749293, "mask_rcnn/false_negative": 0.2371388545051755, "mask_rcnn/false_positive": 0.23109415836042996, "rank_data_time": 0.002415150000160793, "roi_head/num_bg_samples": 110.875, "roi_head/num_fg_samples": 17.125, "rpn/num_neg_anchors": 248.375, "rpn/num_pos_anchors": 7.625, "time": 29.21676965000006, "total_loss": 1.5091276671737432}
{"data_time": 0.002593400000478141, "eta_seconds": 8765.030895000018, "fast_rcnn/cls_accuracy": 0.8671875, "fast_rcnn/false_negative": 1.0, "fast_rcnn/fg_cls_accuracy": 0.0, "iteration": 99, "loss_box_reg": 0.4789147675037384, "loss_cls": 0.34676791727542877, "loss_mask": 0.5494334697723389, "loss_rpn_cls": 0.056079303845763206, "loss_rpn_loc": 0.017575220204889774, "lr": 0.0002482525, "mask_rcnn/accuracy": 0.7671257267826694, "mask_rcnn/false_negative": 0.18040851248173156, "mask_rcnn/false_positive": 0.25997549570124134, "rank_data_time": 0.002593400000478141, "roi_head/num_bg_samples": 111.0, "roi_head/num_fg_samples": 17.0, "rpn/num_neg_anchors": 248.875, "rpn/num_pos_anchors": 7.125, "time": 33.11388944999999, "total_loss": 1.4168445710092783}
{"data_time": 0.00262299999667448, "eta_seconds": 8211.069118000887, "fast_rcnn/cls_accuracy": 0.859375, "fast_rcnn/false_negative": 1.0, "fast_rcnn/fg_cls_accuracy": 0.0, "iteration": 119, "loss_box_reg": 0.5237804353237152, "loss_cls": 0.3511192351579666, "loss_mask": 0.4799206405878067, "loss_rpn_cls": 0.0443740114569664, "loss_rpn_loc": 0.016001202166080475, "lr": 0.00029820249999999997, "mask_rcnn/accuracy": 0.7932828474716773, "mask_rcnn/false_negative": 0.1944188295837047, "mask_rcnn/false_positive": 0.20920345516068292, "rank_data_time": 0.00262299999667448, "roi_head/num_bg_samples": 109.25, "roi_head/num_fg_samples": 18.75, "rpn/num_neg_anchors": 247.875, "rpn/num_pos_anchors": 8.125, "time": 31.761476349998702, "total_loss": 1.411435837391764}
{"data_time": 0.0023614000019733794, "eta_seconds": 7643.70479600042, "fast_rcnn/cls_accuracy": 0.84765625, "fast_rcnn/false_negative": 0.9688603531300161, "fast_rcnn/fg_cls_accuracy": 0.031139646869983946, "iteration": 139, "loss_box_reg": 0.5849150121212006, "loss_cls": 0.34637947380542755, "loss_mask": 0.42434564232826233, "loss_rpn_cls": 0.04662047699093819, "loss_rpn_loc": 0.022037355229258537, "lr": 0.00034815249999999996, "mask_rcnn/accuracy": 0.8066028064853252, "mask_rcnn/false_negative": 0.18989101853206647, "mask_rcnn/false_positive": 0.17522937690390392, "rank_data_time": 0.0023614000019733794, "roi_head/num_bg_samples": 107.5, "roi_head/num_fg_samples": 20.5, "rpn/num_neg_anchors": 244.625, "rpn/num_pos_anchors": 11.375, "time": 29.63066495000021, "total_loss": 1.4435732029378414}
{"data_time": 0.002409000000625383, "eta_seconds": 7077.718163999525, "fast_rcnn/cls_accuracy": 0.8720703125, "fast_rcnn/false_negative": 0.7854524507750315, "fast_rcnn/fg_cls_accuracy": 0.21454754922496855, "iteration": 159, "loss_box_reg": 0.5678794085979462, "loss_cls": 0.2930578142404556, "loss_mask": 0.3795585632324219, "loss_rpn_cls": 0.03180838469415903, "loss_rpn_loc": 0.012024630326777697, "lr": 0.0003981025, "mask_rcnn/accuracy": 0.8337382035042133, "mask_rcnn/false_negative": 0.15847897422931279, "mask_rcnn/false_positive": 0.1888423492319066, "rank_data_time": 0.002409000000625383, "roi_head/num_bg_samples": 107.625, "roi_head/num_fg_samples": 20.375, "rpn/num_neg_anchors": 248.375, "rpn/num_pos_anchors": 7.625, "time": 30.722411400001874, "total_loss": 1.2946551640052348}
{"data_time": 0.0024019500051508658, "eta_seconds": 6507.2876000002725, "fast_rcnn/cls_accuracy": 0.89453125, "fast_rcnn/false_negative": 0.5103030303030303, "fast_rcnn/fg_cls_accuracy": 0.48969696969696974, "iteration": 179, "loss_box_reg": 0.5404759645462036, "loss_cls": 0.25438639521598816, "loss_mask": 0.35300113260746, "loss_rpn_cls": 0.02888721041381359, "loss_rpn_loc": 0.016433444805443287, "lr": 0.0004480525, "mask_rcnn/accuracy": 0.8381906954286931, "mask_rcnn/false_negative": 0.14537547582659233, "mask_rcnn/false_positive": 0.1808925776051385, "rank_data_time": 0.0024019500051508658, "roi_head/num_bg_samples": 106.375, "roi_head/num_fg_samples": 21.625, "rpn/num_neg_anchors": 246.875, "rpn/num_pos_anchors": 9.125, "time": 30.880918499999098, "total_loss": 1.2091412381269038}
{"data_time": 0.00244245000067167, "eta_seconds": 5946.411459999945, "fast_rcnn/cls_accuracy": 0.90625, "fast_rcnn/false_negative": 0.39590977768184765, "fast_rcnn/fg_cls_accuracy": 0.6040902223181523, "iteration": 199, "loss_box_reg": 0.4700535237789154, "loss_cls": 0.23275577276945114, "loss_mask": 0.31002217531204224, "loss_rpn_cls": 0.025268551893532276, "loss_rpn_loc": 0.011080570984631777, "lr": 0.0004980025000000001, "mask_rcnn/accuracy": 0.8648577496965804, "mask_rcnn/false_negative": 0.14557082664526483, "mask_rcnn/false_positive": 0.13518299490934976, "rank_data_time": 0.00244245000067167, "roi_head/num_bg_samples": 106.875, "roi_head/num_fg_samples": 21.125, "rpn/num_neg_anchors": 247.375, "rpn/num_pos_anchors": 8.625, "time": 31.597756399998616, "total_loss": 1.0433524190448225}
{"data_time": 0.0023347999958787113, "eta_seconds": 5359.439645999737, "fast_rcnn/cls_accuracy": 0.9189453125, "fast_rcnn/false_negative": 0.3388888888888889,